{"argparse": {"benchmark": "Real-Python-Argparse", "benchmark_id": "argparse", "n": 80, "tps": 47.396249999999995, "speedup_vs_ar": 1.437120982413584, "speedup_vs_prev_tasd": 1.1042928704566635, "accept_rate": 0.90766375, "structural_quality_score": 0.9145574999999999, "severe_rate": 0.11266625, "off_structure_rate": 0.0, "repetition_rate": 0.01669, "truncation_rate": 0.022775, "structure_not_preserved": 0.175, "repair_count": 1.25, "guard_trigger_count": 2.675, "total_drafted": 195.6875, "total_accepted": 126.75}, "dict_config": {"benchmark": "Real-Python-DictConfig", "benchmark_id": "dict_config", "n": 80, "tps": 48.103500000000004, "speedup_vs_ar": 1.4724058769513315, "speedup_vs_prev_tasd": 1.1286602534021588, "accept_rate": 0.92275, "structural_quality_score": 0.83601125, "severe_rate": 0.01784375, "off_structure_rate": 0.0, "repetition_rate": 0.01939875, "truncation_rate": 0.09386625, "structure_not_preserved": 0.7625, "repair_count": 0.4125, "guard_trigger_count": 1.125, "total_drafted": 142.275, "total_accepted": 127.5875}, "openmmlab": {"benchmark": "OpenMMLab-Config", "benchmark_id": "openmmlab", "n": 80, "tps": 51.246500000000005, "speedup_vs_ar": 1.5571710726223036, "speedup_vs_prev_tasd": 1.0825200675961133, "accept_rate": 0.9796987500000001, "structural_quality_score": 0.8741049999999999, "severe_rate": 0.038985, "off_structure_rate": 0.00313125, "repetition_rate": 0.0021249999999999997, "truncation_rate": 0.137175, "structure_not_preserved": 0.3, "repair_count": 0.1625, "guard_trigger_count": 0.325, "total_drafted": 131.575, "total_accepted": 127.8375}, "rich_cli_option_groups": {"benchmark": "Rich-CLI-Option-Groups", "benchmark_id": "rich_cli_option_groups", "n": 80, "tps": 52.877374999999994, "speedup_vs_ar": 1.595575588412794, "speedup_vs_prev_tasd": 1.0764937907166123, "accept_rate": 1.0, "structural_quality_score": 0.891845, "severe_rate": 0.04720875, "off_structure_rate": 0.149725, "repetition_rate": 0.00357125, "truncation_rate": 0.05133, "structure_not_preserved": 0.2375, "repair_count": 0.0, "guard_trigger_count": 0.0, "total_drafted": 128.0, "total_accepted": 128.0}, "complex_nested_config": {"benchmark": "Complex-Nested-Config", "benchmark_id": "complex_nested_config", "n": 80, "tps": 51.948249999999994, "speedup_vs_ar": 1.588145826964231, "speedup_vs_prev_tasd": 1.0770941322828116, "accept_rate": 0.99245125, "structural_quality_score": 0.8025825, "severe_rate": 0.010065000000000001, "off_structure_rate": 0.01791, "repetition_rate": 0.00480625, "truncation_rate": 0.061911249999999994, "structure_not_preserved": 0.9125, "repair_count": 0.0375, "guard_trigger_count": 0.0, "total_drafted": 129.1625, "total_accepted": 127.9625}, "pipeline_stage_config": {"benchmark": "Pipeline-Stage-Config", "benchmark_id": "pipeline_stage_config", "n": 80, "tps": 53.061375, "speedup_vs_ar": 1.6458242866004962, "speedup_vs_prev_tasd": 1.0749873379254458, "accept_rate": 1.0, "structural_quality_score": 0.91209375, "severe_rate": 0.05565749999999999, "off_structure_rate": 0.0, "repetition_rate": 0.0, "truncation_rate": 0.0989275, "structure_not_preserved": 0.0, "repair_count": 0.0, "guard_trigger_count": 0.0, "total_drafted": 128.0, "total_accepted": 128.0}}